{
  "mean_rougeL": 0.3846153846153846,
  "mean_energy_J": 250.10835848583076,
  "total_energy_J": 1500.6501509149846,
  "total_tokens": 768,
  "tpj": 0.5117781779662174,
  "mean_latency_s": 2.24891336250001
}
