{
  "mean_rougeL": 0.3846153846153846,
  "mean_energy_J": 251.74672762073394,
  "total_energy_J": 1510.4803657244036,
  "total_tokens": 768,
  "tpj": 0.5084475226738077,
  "mean_latency_s": 2.2235031991667333
}